TotalSteps,TotalDistance,VeryActiveDistance,ModeratelyActiveDistance,LightActiveDistance,VeryActiveMinutes,FairlyActiveMinutes,LightlyActiveMinutes,SedentaryMinutes,Calories,TotalSleepRecords,TotalMinutesAsleep,TotalTimeInBed,SleepEfficiency
13162.0,8.5,1.87999999523163,0.550000011920929,6.05999994277954,25.0,13.0,328.0,728.0,1985.0,1.0,327.0,346.0,94.50867052023122
10735.0,6.96999979019165,1.57000005245209,0.689999997615814,4.71000003814697,21.0,19.0,217.0,776.0,1797.0,2.0,384.0,407.0,94.34889434889435
9762.0,6.28000020980835,2.14000010490417,1.25999999046326,2.82999992370605,29.0,34.0,209.0,726.0,1745.0,1.0,412.0,442.0,93.21266968325791
12669.0,8.15999984741211,2.71000003814697,0.409999996423721,5.03999996185303,36.0,10.0,221.0,773.0,1863.0,2.0,340.0,367.0,92.64305177111717
9705.0,6.48000001907349,3.19000005722046,0.779999971389771,2.50999999046326,38.0,20.0,164.0,539.0,1728.0,1.0,700.0,712.0,98.31460674157303
15506.0,9.88000011444092,3.52999997138977,1.32000005245209,5.03000020980835,50.0,31.0,264.0,775.0,2035.0,1.0,304.0,320.0,95.0
10544.0,6.67999982833862,1.96000003814697,0.479999989271164,4.23999977111816,28.0,12.0,205.0,818.0,1786.0,1.0,360.0,377.0,95.49071618037135
9819.0,6.34000015258789,1.3400000333786,0.349999994039536,4.65000009536743,19.0,8.0,211.0,838.0,1775.0,1.0,325.0,364.0,89.28571428571429
14371.0,9.03999996185303,2.80999994277954,0.870000004768372,5.3600001335144,41.0,21.0,262.0,732.0,1949.0,1.0,361.0,384.0,94.01041666666666
10039.0,6.40999984741211,2.92000007629395,0.209999993443489,3.27999997138977,39.0,5.0,238.0,709.0,1788.0,1.0,430.0,449.0,95.7683741648107
15355.0,9.80000019073486,5.28999996185303,0.569999992847443,3.94000005722046,73.0,14.0,216.0,814.0,2013.0,1.0,277.0,323.0,85.75851393188854
13755.0,8.78999996185303,2.32999992370605,0.920000016689301,5.53999996185303,31.0,23.0,279.0,833.0,1970.0,1.0,245.0,274.0,89.41605839416059
13154.0,8.52999973297119,3.53999996185303,1.1599999666214,3.78999996185303,48.0,28.0,189.0,782.0,1898.0,1.0,366.0,393.0,93.12977099236642
11181.0,7.15000009536743,1.05999994277954,0.5,5.57999992370605,16.0,12.0,243.0,815.0,1837.0,1.0,341.0,354.0,96.32768361581921
14673.0,9.25,3.55999994277954,1.41999995708466,4.26999998092651,52.0,34.0,217.0,712.0,1947.0,1.0,404.0,425.0,95.05882352941177
10602.0,6.80999994277954,2.28999996185303,1.60000002384186,2.92000007629395,33.0,35.0,246.0,730.0,1820.0,1.0,369.0,396.0,93.18181818181817
14727.0,9.71000003814697,3.21000003814697,0.569999992847443,5.92000007629395,41.0,15.0,277.0,798.0,2004.0,1.0,277.0,309.0,89.64401294498381
15103.0,9.65999984741211,3.73000001907349,1.04999995231628,4.88000011444092,50.0,24.0,254.0,816.0,1990.0,1.0,273.0,296.0,92.22972972972973
14070.0,8.89999961853027,2.92000007629395,1.08000004291534,4.88000011444092,45.0,24.0,250.0,857.0,1959.0,1.0,247.0,264.0,93.56060606060606
12159.0,8.02999973297119,1.97000002861023,0.25,5.80999994277954,24.0,6.0,289.0,754.0,1896.0,1.0,334.0,367.0,91.00817438692098
11992.0,7.71000003814697,2.46000003814697,2.11999988555908,3.13000011444092,37.0,46.0,175.0,833.0,1821.0,1.0,331.0,349.0,94.84240687679083
10060.0,6.57999992370605,3.52999997138977,0.319999992847443,2.73000001907349,44.0,8.0,203.0,574.0,1740.0,1.0,594.0,611.0,97.21767594108019
12022.0,7.71999979019165,3.45000004768372,0.529999971389771,3.74000000953674,46.0,11.0,206.0,835.0,1819.0,1.0,338.0,342.0,98.83040935672514
12207.0,7.76999998092651,3.34999990463257,1.1599999666214,3.25999999046326,46.0,31.0,214.0,746.0,1859.0,1.0,383.0,403.0,95.03722084367246
12770.0,8.13000011444092,2.55999994277954,1.00999999046326,4.55000019073486,36.0,23.0,251.0,669.0,1783.0,1.0,285.0,306.0,93.13725490196079
3176.0,2.30999994277954,0.0,0.0,2.30999994277954,0.0,0.0,120.0,1193.0,2498.0,1.0,119.0,127.0,93.7007874015748
18213.0,13.2399997711182,0.629999995231628,3.14000010490417,9.46000003814697,9.0,71.0,402.0,816.0,3846.0,1.0,124.0,142.0,87.32394366197182
3758.0,2.73000001907349,0.0700000002980232,0.310000002384186,2.34999990463257,1.0,7.0,148.0,682.0,2580.0,1.0,796.0,961.0,82.83038501560874
6724.0,4.8899998664856,0.0,0.0,4.88000011444092,0.0,0.0,295.0,991.0,2987.0,1.0,137.0,154.0,88.96103896103897
3844.0,2.53999996185303,0.0,0.0,2.53999996185303,0.0,0.0,176.0,527.0,1725.0,1.0,644.0,961.0,67.01352757544224
4014.0,2.67000007629395,0.0,0.0,2.65000009536743,0.0,0.0,184.0,218.0,1763.0,1.0,722.0,961.0,75.13007284079085
2573.0,1.70000004768372,0.0,0.259999990463257,1.45000004768372,0.0,7.0,75.0,585.0,1541.0,1.0,590.0,961.0,61.39438085327783
678.0,0.469999998807907,0.0,0.0,0.469999998807907,0.0,0.0,55.0,734.0,2220.0,3.0,750.0,775.0,96.7741935483871
356.0,0.25,0.0,0.0,0.25,0.0,0.0,32.0,986.0,2151.0,1.0,398.0,422.0,94.3127962085308
980.0,0.680000007152557,0.0,0.0,0.680000007152557,0.0,0.0,51.0,941.0,2221.0,2.0,475.0,499.0,95.19038076152304
3761.0,2.59999990463257,0.0,0.0,2.59999990463257,0.0,0.0,192.0,1058.0,2638.0,1.0,296.0,315.0,93.96825396825396
1675.0,1.1599999666214,0.0,0.0,1.1599999666214,0.0,0.0,95.0,1167.0,2351.0,1.0,166.0,178.0,93.25842696629213
4414.0,2.74000000953674,0.189999997615814,0.349999994039536,2.20000004768372,3.0,8.0,181.0,706.0,1459.0,1.0,503.0,546.0,92.12454212454212
4993.0,3.09999990463257,0.0,0.0,3.09999990463257,0.0,0.0,238.0,663.0,1521.0,1.0,531.0,565.0,93.98230088495575
3335.0,2.0699999332428,0.0,0.0,2.04999995231628,0.0,0.0,197.0,653.0,1431.0,1.0,545.0,568.0,95.95070422535211
3821.0,2.36999988555908,0.0,0.0,2.36999988555908,0.0,0.0,188.0,687.0,1444.0,1.0,523.0,573.0,91.2739965095986
2547.0,1.58000004291534,0.0,0.0,1.58000004291534,0.0,0.0,150.0,728.0,1373.0,1.0,524.0,567.0,92.41622574955908
838.0,0.519999980926514,0.0,0.0,0.519999980926514,0.0,0.0,60.0,1053.0,1214.0,1.0,437.0,498.0,87.75100401606426
2424.0,1.5,0.0,0.0,1.5,0.0,0.0,141.0,785.0,1356.0,1.0,498.0,540.0,92.22222222222223
7222.0,4.48000001907349,0.0,0.0,4.48000001907349,0.0,0.0,327.0,623.0,1667.0,1.0,461.0,510.0,90.3921568627451
2467.0,1.52999997138977,0.0,0.0,1.52999997138977,0.0,0.0,153.0,749.0,1370.0,1.0,477.0,514.0,92.80155642023347
2915.0,1.80999994277954,0.0,0.0,1.80999994277954,0.0,0.0,162.0,712.0,1399.0,1.0,520.0,545.0,95.41284403669725
12357.0,7.71000003814697,0.0,0.0,7.71000003814697,0.0,0.0,432.0,458.0,1916.0,1.0,522.0,554.0,94.22382671480143
3490.0,2.16000008583069,0.0,0.0,2.16000008583069,0.0,0.0,164.0,704.0,1401.0,1.0,555.0,591.0,93.90862944162437
6017.0,3.73000001907349,0.0,0.0,3.73000001907349,0.0,0.0,260.0,821.0,1576.0,1.0,506.0,531.0,95.29190207156309
6088.0,3.76999998092651,0.0,0.0,3.76999998092651,0.0,0.0,286.0,586.0,1593.0,1.0,508.0,545.0,93.21100917431193
6375.0,3.95000004768372,0.0,0.0,3.95000004768372,0.0,0.0,331.0,626.0,1649.0,1.0,513.0,545.0,94.12844036697248
7604.0,4.71000003814697,0.0,0.0,4.71000003814697,0.0,0.0,352.0,492.0,1692.0,1.0,490.0,510.0,96.07843137254902
4729.0,2.9300000667572,0.0,0.0,2.9300000667572,0.0,0.0,233.0,594.0,1506.0,1.0,573.0,607.0,94.3986820428336
3609.0,2.27999997138977,0.0,0.0,2.27999997138977,0.0,0.0,191.0,716.0,1447.0,1.0,527.0,546.0,96.52014652014653
7018.0,4.34999990463257,0.0,0.0,4.34999990463257,0.0,0.0,355.0,716.0,1690.0,1.0,511.0,543.0,94.10681399631676
6564.0,4.07000017166138,0.0,0.0,4.07000017166138,0.0,0.0,345.0,530.0,1658.0,1.0,538.0,560.0,96.07142857142857
12167.0,7.53999996185303,0.0,0.0,7.53999996185303,0.0,0.0,475.0,479.0,1926.0,1.0,468.0,485.0,96.49484536082474
8198.0,5.07999992370605,0.0,0.0,5.07999992370605,0.0,0.0,383.0,511.0,1736.0,1.0,524.0,548.0,95.62043795620438
4193.0,2.59999990463257,0.0,0.0,2.59999990463257,0.0,0.0,229.0,665.0,1491.0,1.0,511.0,521.0,98.0806142034549
5528.0,3.45000004768372,0.0,0.0,3.45000004768372,0.0,0.0,258.0,610.0,1555.0,1.0,541.0,568.0,95.24647887323944
10685.0,6.61999988555908,0.0,0.0,6.59999990463257,0.0,0.0,401.0,543.0,1869.0,1.0,531.0,556.0,95.50359712230215
254.0,0.159999996423721,0.0,0.0,0.159999996423721,0.0,0.0,17.0,1002.0,1141.0,1.0,357.0,380.0,93.94736842105263
8580.0,5.32000017166138,0.0,0.0,5.32000017166138,0.0,0.0,330.0,569.0,1698.0,1.0,523.0,553.0,94.57504520795659
8891.0,5.51000022888184,0.0,0.0,5.51000022888184,0.0,0.0,343.0,330.0,1364.0,1.0,456.0,485.0,94.02061855670102
5079.0,3.42000007629395,0.0,0.0,3.42000007629395,0.0,0.0,242.0,1129.0,1804.0,1.0,61.0,69.0,88.40579710144928
10352.0,7.01000022888184,1.6599999666214,1.94000005722046,3.41000008583069,19.0,32.0,195.0,676.0,2038.0,1.0,467.0,531.0,87.94726930320151
10129.0,6.69999980926514,0.0199999995529652,2.74000000953674,3.94000005722046,1.0,48.0,206.0,705.0,2010.0,1.0,445.0,489.0,91.00204498977506
10465.0,6.92000007629395,0.0700000002980232,1.41999995708466,5.42999982833862,1.0,24.0,284.0,720.0,2133.0,1.0,452.0,504.0,89.68253968253968
5472.0,3.61999988555908,0.0799999982118607,0.280000001192093,3.25999999046326,1.0,7.0,249.0,508.0,1882.0,1.0,556.0,602.0,92.35880398671097
8247.0,5.44999980926514,0.790000021457672,0.860000014305115,3.78999996185303,11.0,16.0,206.0,678.0,1944.0,1.0,500.0,557.0,89.76660682226212
6711.0,4.44000005722046,0.0,0.0,4.44000005722046,0.0,7.0,382.0,648.0,2346.0,1.0,465.0,514.0,90.46692607003891
10080.0,6.75,1.85000002384186,1.52999997138977,3.38000011444092,23.0,26.0,208.0,761.0,2048.0,1.0,460.0,484.0,95.0413223140496
7804.0,5.15999984741211,0.560000002384186,1.67999994754791,2.92000007629395,9.0,27.0,206.0,781.0,1946.0,1.0,405.0,461.0,87.85249457700651
16901.0,11.3699998855591,2.77999997138977,1.45000004768372,7.15000009536743,32.0,35.0,360.0,591.0,2629.0,1.0,374.0,386.0,96.89119170984456
9471.0,6.26000022888184,0.0,0.0,6.26000022888184,0.0,0.0,360.0,584.0,2187.0,1.0,442.0,459.0,96.29629629629629
9482.0,6.38000011444092,1.26999998092651,0.519999980926514,4.59999990463257,15.0,11.0,277.0,653.0,2095.0,1.0,433.0,471.0,91.93205944798302
5980.0,3.95000004768372,0.0,0.0,3.95000004768372,0.0,0.0,227.0,732.0,1861.0,1.0,436.0,490.0,88.9795918367347
11423.0,7.57999992370605,1.86000001430511,0.400000005960464,5.32000017166138,26.0,9.0,295.0,623.0,2194.0,1.0,448.0,499.0,89.77955911823648
5439.0,3.59999990463257,0.0,0.0,3.59999990463257,0.0,0.0,229.0,764.0,1854.0,1.0,408.0,450.0,90.66666666666666
42.0,0.0299999993294477,0.0,0.0,0.0299999993294477,0.0,0.0,4.0,2.0,403.0,1.0,411.0,473.0,86.89217758985201
8856.0,5.98000001907349,3.05999994277954,0.910000026226044,2.00999999046326,44.0,19.0,131.0,777.0,1450.0,1.0,274.0,469.0,58.42217484008528
10035.0,6.71000003814697,2.02999997138977,2.13000011444092,2.54999995231628,31.0,46.0,153.0,754.0,1495.0,2.0,295.0,456.0,64.69298245614034
7641.0,5.1100001335144,0.319999992847443,0.970000028610229,3.8199999332428,5.0,23.0,214.0,801.0,1433.0,1.0,291.0,397.0,73.29974811083123
9010.0,6.05999994277954,1.04999995231628,1.75,3.25999999046326,15.0,42.0,183.0,644.0,1468.0,1.0,424.0,556.0,76.2589928057554
13459.0,9.0,2.02999997138977,4.0,2.97000002861023,31.0,83.0,153.0,663.0,1625.0,1.0,283.0,510.0,55.490196078431374
10415.0,6.96999979019165,0.699999988079071,2.34999990463257,3.92000007629395,11.0,58.0,205.0,600.0,1529.0,1.0,381.0,566.0,67.31448763250883
11663.0,7.80000019073486,0.25,3.73000001907349,3.8199999332428,4.0,95.0,214.0,605.0,1584.0,2.0,412.0,522.0,78.9272030651341
12414.0,8.77999973297119,2.24000000953674,2.45000004768372,3.96000003814697,19.0,67.0,221.0,738.0,1638.0,1.0,219.0,395.0,55.44303797468354
11658.0,7.82999992370605,0.200000002980232,4.34999990463257,3.27999997138977,2.0,98.0,164.0,845.0,1554.0,2.0,152.0,305.0,49.8360655737705
6093.0,4.07999992370605,0.0,0.0,4.05999994277954,0.0,0.0,242.0,712.0,1397.0,1.0,332.0,512.0,64.84375
8911.0,5.96000003814697,2.32999992370605,0.579999983310699,3.05999994277954,33.0,12.0,188.0,731.0,1481.0,1.0,355.0,476.0,74.57983193277312
12058.0,8.06999969482422,0.0,4.21999979019165,3.84999990463257,0.0,92.0,252.0,724.0,1638.0,1.0,235.0,372.0,63.17204301075269
14112.0,10.0,3.26999998092651,4.55999994277954,2.17000007629395,30.0,95.0,129.0,660.0,1655.0,1.0,310.0,526.0,58.935361216730044
11177.0,8.47999954223633,5.61999988555908,0.430000007152557,2.41000008583069,50.0,9.0,133.0,781.0,1570.0,1.0,262.0,467.0,56.102783725910065
11388.0,7.61999988555908,0.449999988079071,4.21999979019165,2.95000004768372,7.0,95.0,170.0,797.0,1551.0,1.0,250.0,371.0,67.38544474393531
7193.0,5.03999996185303,0.0,0.419999986886978,4.61999988555908,0.0,10.0,176.0,714.0,1377.0,1.0,349.0,540.0,64.62962962962962
7114.0,4.88000011444092,1.37000000476837,0.28999999165535,3.22000002861023,15.0,8.0,190.0,804.0,1407.0,1.0,261.0,423.0,61.702127659574465
10645.0,7.75,3.74000000953674,1.29999995231628,2.71000003814697,36.0,32.0,150.0,744.0,1545.0,1.0,333.0,478.0,69.6652719665272
13238.0,9.19999980926514,3.69000005722046,2.09999990463257,3.41000008583069,43.0,52.0,194.0,687.0,1650.0,1.0,237.0,382.0,62.04188481675392
10414.0,7.07000017166138,2.67000007629395,1.98000001907349,2.41000008583069,41.0,40.0,124.0,691.0,1501.0,1.0,383.0,626.0,61.18210862619809
16520.0,11.0500001907349,1.53999996185303,6.48000001907349,3.01999998092651,24.0,143.0,176.0,713.0,1760.0,1.0,230.0,384.0,59.895833333333336
14335.0,9.59000015258789,3.3199999332428,1.74000000953674,4.53000020980835,47.0,41.0,258.0,594.0,1710.0,1.0,292.0,500.0,58.4
13559.0,9.4399995803833,1.80999994277954,4.57999992370605,2.89000010490417,14.0,96.0,142.0,852.0,1628.0,1.0,213.0,336.0,63.39285714285714
12312.0,8.57999992370605,1.75999999046326,4.1100001335144,2.71000003814697,14.0,88.0,178.0,680.0,1618.0,1.0,318.0,480.0,66.25
11677.0,8.27999973297119,3.10999989509583,2.50999999046326,2.67000007629395,29.0,55.0,168.0,676.0,1590.0,1.0,323.0,512.0,63.0859375
11550.0,7.73000001907349,0.0,4.13000011444092,3.58999991416931,0.0,86.0,208.0,703.0,1574.0,1.0,237.0,443.0,53.49887133182845
13585.0,9.09000015258789,0.680000007152557,5.23999977111816,3.17000007629395,9.0,116.0,171.0,688.0,1633.0,2.0,259.0,456.0,56.79824561403509
13072.0,8.77999973297119,0.0700000002980232,5.40000009536743,3.30999994277954,1.0,115.0,196.0,676.0,1630.0,1.0,312.0,452.0,69.02654867256636
8539.0,6.11999988555908,0.150000005960464,0.239999994635582,5.67999982833862,4.0,15.0,331.0,712.0,3654.0,1.0,501.0,541.0,92.60628465804066
1982.0,1.41999995708466,0.449999988079071,0.370000004768372,0.589999973773956,65.0,21.0,55.0,1222.0,3051.0,1.0,77.0,77.0,100.0
4496.0,3.22000002861023,0.0,0.0,3.15000009536743,0.0,0.0,174.0,950.0,2828.0,1.0,322.0,332.0,96.98795180722891
10252.0,7.34999990463257,0.670000016689301,1.03999996185303,5.57999992370605,13.0,46.0,346.0,531.0,3879.0,1.0,478.0,536.0,89.17910447761194
11728.0,8.43000030517578,2.61999988555908,1.67999994754791,4.03999996185303,38.0,42.0,196.0,916.0,3429.0,1.0,226.0,248.0,91.12903225806451
4369.0,3.13000011444092,0.0,0.0,3.09999990463257,0.0,0.0,177.0,855.0,2704.0,1.0,385.0,408.0,94.36274509803921
5862.0,4.19999980926514,0.0,0.0,4.15000009536743,0.0,0.0,263.0,775.0,3089.0,1.0,364.0,402.0,90.54726368159204
5546.0,3.98000001907349,0.0,0.0,3.86999988555908,0.0,0.0,206.0,774.0,2926.0,1.0,442.0,494.0,89.47368421052632
10210.0,6.88000011444092,0.109999999403954,0.330000013113022,6.44000005722046,1.0,9.0,339.0,589.0,2302.0,1.0,535.0,557.0,96.05026929982047
5664.0,3.79999995231628,0.0,0.0,3.79999995231628,0.0,0.0,228.0,752.0,1985.0,1.0,465.0,491.0,94.70468431771894
4744.0,3.1800000667572,0.0,0.0,3.1800000667572,0.0,0.0,194.0,724.0,1884.0,1.0,506.0,522.0,96.93486590038314
2276.0,1.54999995231628,0.0700000002980232,0.330000013113022,1.12000000476837,1.0,9.0,58.0,824.0,1632.0,1.0,515.0,551.0,93.46642468239564
8925.0,5.98999977111816,0.0,0.0,5.98999977111816,0.0,0.0,311.0,604.0,2200.0,2.0,461.0,498.0,92.570281124498
8954.0,6.01000022888184,0.0,0.680000007152557,5.30999994277954,0.0,18.0,306.0,671.0,2220.0,1.0,523.0,543.0,96.31675874769797
3702.0,2.48000001907349,0.0,0.0,0.349999994039536,0.0,0.0,34.0,1265.0,1792.0,1.0,59.0,65.0,90.76923076923077
4500.0,3.01999998092651,0.0599999986588955,0.810000002384186,2.15000009536743,1.0,19.0,176.0,709.0,1886.0,1.0,533.0,550.0,96.9090909090909
4935.0,3.30999994277954,0.0,0.0,3.30999994277954,0.0,0.0,233.0,546.0,1945.0,1.0,692.0,722.0,95.84487534626038
4081.0,2.74000000953674,0.0599999986588955,0.200000002980232,2.47000002861023,1.0,5.0,191.0,692.0,1880.0,1.0,467.0,501.0,93.21357285429141
9259.0,6.21000003814697,0.0,0.280000001192093,5.92999982833862,0.0,8.0,390.0,544.0,2314.0,1.0,488.0,506.0,96.44268774703558
9899.0,6.6399998664856,0.569999992847443,0.920000016689301,5.15000009536743,8.0,21.0,288.0,649.0,2236.0,1.0,505.0,516.0,97.86821705426357
10780.0,7.23000001907349,0.409999996423721,1.91999995708466,4.90999984741211,6.0,47.0,300.0,680.0,2324.0,1.0,286.0,307.0,93.15960912052117
10817.0,7.28000020980835,1.00999999046326,0.330000013113022,5.94000005722046,13.0,8.0,359.0,552.0,2367.0,1.0,497.0,522.0,95.21072796934867
7990.0,5.3600001335144,0.449999988079071,0.790000021457672,4.11999988555908,6.0,18.0,289.0,624.0,2175.0,1.0,523.0,546.0,95.7875457875458
8221.0,5.51999998092651,0.400000005960464,1.61000001430511,3.50999999046326,6.0,38.0,196.0,695.0,2092.0,1.0,490.0,516.0,94.96124031007753
1251.0,0.839999973773956,0.0,0.0,0.839999973773956,0.0,0.0,67.0,836.0,1593.0,1.0,484.0,500.0,96.8
9261.0,6.23999977111816,0.0,0.439999997615814,5.71000003814697,0.0,11.0,344.0,585.0,2270.0,1.0,478.0,506.0,94.46640316205533
9648.0,6.46999979019165,0.579999983310699,1.07000005245209,4.82999992370605,8.0,26.0,287.0,669.0,2235.0,1.0,474.0,512.0,92.578125
9524.0,6.42000007629395,0.409999996423721,0.469999998807907,5.46000003814697,6.0,11.0,314.0,692.0,2266.0,1.0,450.0,491.0,91.64969450101833
7937.0,5.32999992370605,0.189999997615814,1.04999995231628,4.07999992370605,3.0,28.0,279.0,586.0,2158.0,1.0,507.0,530.0,95.66037735849056
3672.0,2.46000003814697,0.0,0.0,2.46000003814697,0.0,0.0,153.0,603.0,1792.0,1.0,602.0,638.0,94.35736677115987
10378.0,6.96000003814697,0.140000000596046,0.560000002384186,6.25,2.0,14.0,374.0,490.0,2345.0,1.0,535.0,565.0,94.69026548672566
9487.0,6.36999988555908,0.209999993443489,0.46000000834465,5.69999980926514,3.0,12.0,329.0,555.0,2260.0,1.0,487.0,517.0,94.1972920696325
9129.0,6.13000011444092,0.200000002980232,0.740000009536743,5.17999982833862,3.0,18.0,311.0,574.0,2232.0,1.0,529.0,558.0,94.80286738351255
17.0,0.0099999997764825,0.0,0.0,0.0099999997764825,0.0,0.0,2.0,0.0,257.0,1.0,302.0,321.0,94.0809968847352
8758.0,6.73000001907349,0.0,0.0,6.73000001907349,0.0,0.0,299.0,837.0,3066.0,1.0,499.0,526.0,94.86692015209125
6580.0,5.05999994277954,0.209999993443489,0.400000005960464,4.44999980926514,6.0,9.0,253.0,609.0,3073.0,2.0,426.0,448.0,95.08928571428571
4660.0,3.57999992370605,0.0,0.0,3.57999992370605,0.0,0.0,201.0,721.0,2572.0,2.0,619.0,641.0,96.56786271450858
11009.0,9.10000038146973,3.55999994277954,0.400000005960464,5.1399998664856,27.0,8.0,239.0,1017.0,3274.0,1.0,99.0,104.0,95.1923076923077
10181.0,7.82999992370605,1.37000000476837,0.689999997615814,5.76999998092651,20.0,16.0,249.0,704.0,3015.0,1.0,329.0,338.0,97.33727810650888
10553.0,8.11999988555908,1.10000002384186,1.72000002861023,5.28999996185303,19.0,42.0,228.0,696.0,3083.0,1.0,421.0,451.0,93.34811529933481
10055.0,7.73000001907349,0.370000004768372,0.389999985694885,6.98000001907349,7.0,12.0,272.0,853.0,3069.0,1.0,442.0,458.0,96.50655021834062
12139.0,9.34000015258789,3.29999995231628,1.11000001430511,4.92000007629395,77.0,25.0,220.0,945.0,3544.0,1.0,82.0,85.0,96.47058823529412
13236.0,10.1800003051758,4.5,0.319999992847443,5.34999990463257,58.0,5.0,215.0,749.0,3306.0,1.0,478.0,501.0,95.40918163672654
10243.0,7.88000011444092,1.08000004291534,0.509999990463257,6.30000019073486,14.0,8.0,239.0,584.0,2885.0,3.0,552.0,595.0,92.77310924369748
9461.0,7.28000020980835,0.939999997615814,1.05999994277954,5.26999998092651,14.0,23.0,224.0,673.0,2929.0,1.0,319.0,346.0,92.1965317919075
11193.0,8.60999965667725,0.699999988079071,2.50999999046326,5.3899998664856,11.0,48.0,241.0,684.0,3074.0,1.0,439.0,500.0,87.8
10074.0,7.75,1.28999996185303,0.430000007152557,6.03000020980835,19.0,9.0,234.0,878.0,2969.0,1.0,428.0,458.0,93.44978165938865
12533.0,9.64000034332275,0.699999988079071,2.0,6.94000005722046,14.0,43.0,300.0,537.0,3283.0,2.0,409.0,430.0,95.11627906976744
10255.0,7.8899998664856,1.00999999046326,0.680000007152557,6.19999980926514,12.0,15.0,241.0,579.0,2926.0,1.0,547.0,597.0,91.62479061976549
10096.0,8.39999961853027,3.76999998092651,0.0799999982118607,4.55000019073486,33.0,4.0,204.0,935.0,3147.0,2.0,368.0,376.0,97.87234042553192
12375.0,9.52000045776367,2.78999996185303,0.930000007152557,5.80000019073486,35.0,21.0,251.0,632.0,3162.0,1.0,390.0,414.0,94.20289855072464
9603.0,7.38000011444092,0.629999995231628,1.66999995708466,5.09000015258789,12.0,39.0,199.0,896.0,2899.0,1.0,471.0,495.0,95.15151515151516
9603.0,7.38000011444092,0.629999995231628,1.66999995708466,5.09000015258789,12.0,39.0,199.0,896.0,2899.0,1.0,471.0,495.0,95.15151515151516
22770.0,17.5400009155273,9.44999980926514,2.76999998092651,5.32999992370605,120.0,56.0,260.0,508.0,4022.0,1.0,472.0,496.0,95.16129032258065
17298.0,14.3800001144409,9.89000034332275,1.25999999046326,3.23000001907349,107.0,38.0,178.0,576.0,3934.0,2.0,529.0,541.0,97.78188539741221
10218.0,7.8600001335144,0.340000003576279,0.730000019073486,6.78999996185303,6.0,19.0,258.0,1020.0,3013.0,1.0,62.0,65.0,95.38461538461539
10299.0,7.92000007629395,0.810000002384186,0.649999976158142,6.46000003814697,13.0,14.0,267.0,648.0,3061.0,1.0,354.0,375.0,94.39999999999999
10201.0,7.84000015258789,0.529999971389771,0.790000021457672,6.53000020980835,8.0,18.0,256.0,858.0,2954.0,1.0,469.0,494.0,94.93927125506073
3276.0,2.20000004768372,0.0,0.0,2.20000004768372,0.0,0.0,196.0,787.0,2113.0,2.0,429.0,457.0,93.8730853391685
2961.0,1.99000000953674,0.0,0.0,1.99000000953674,0.0,0.0,194.0,840.0,2095.0,2.0,370.0,406.0,91.13300492610837
3974.0,2.67000007629395,0.0,0.0,2.67000007629395,0.0,0.0,231.0,717.0,2194.0,1.0,441.0,492.0,89.63414634146342
7198.0,4.82999992370605,0.0,0.0,4.82999992370605,0.0,0.0,350.0,711.0,2496.0,2.0,337.0,379.0,88.91820580474933
3945.0,2.65000009536743,0.0,0.0,2.65000009536743,0.0,0.0,225.0,716.0,2180.0,1.0,462.0,499.0,92.58517034068137
2268.0,1.51999998092651,0.0,0.0,1.51999998092651,0.0,0.0,114.0,1219.0,1933.0,1.0,98.0,107.0,91.58878504672897
2064.0,1.38999998569489,0.0,0.0,1.38999998569489,0.0,0.0,121.0,895.0,1954.0,2.0,388.0,424.0,91.50943396226415
2072.0,1.38999998569489,0.0,0.0,1.38999998569489,0.0,0.0,137.0,841.0,1974.0,1.0,439.0,462.0,95.02164502164501
3809.0,2.55999994277954,0.0,0.0,2.53999996185303,0.0,0.0,215.0,756.0,2150.0,1.0,436.0,469.0,92.96375266524521
6831.0,4.57999992370605,0.0,0.0,4.57999992370605,0.0,0.0,317.0,706.0,2432.0,1.0,388.0,417.0,93.04556354916068
3385.0,2.26999998092651,0.0,0.0,2.26999998092651,0.0,0.0,179.0,916.0,2070.0,1.0,328.0,345.0,95.07246376811594
6326.0,4.40999984741211,2.41000008583069,0.0399999991059303,1.96000003814697,29.0,1.0,180.0,839.0,2291.0,2.0,353.0,391.0,90.28132992327366
7243.0,5.03000020980835,2.61999988555908,0.0299999993294477,2.38000011444092,32.0,1.0,194.0,839.0,2361.0,1.0,332.0,374.0,88.77005347593582
4493.0,3.00999999046326,0.0,0.0,3.00999999046326,0.0,0.0,236.0,762.0,2203.0,1.0,419.0,442.0,94.79638009049773
4676.0,3.14000010490417,0.0,0.0,3.13000011444092,0.0,0.0,226.0,1106.0,2196.0,1.0,106.0,108.0,98.14814814814815
6222.0,4.17999982833862,0.0,0.0,4.17999982833862,0.0,0.0,290.0,797.0,2363.0,1.0,322.0,353.0,91.21813031161473
5232.0,3.50999999046326,0.0,0.0,3.50999999046326,0.0,0.0,240.0,741.0,2246.0,2.0,439.0,459.0,95.64270152505446
6910.0,4.75,2.21000003814697,0.189999997615814,2.34999990463257,27.0,4.0,200.0,667.0,2336.0,1.0,502.0,542.0,92.619926199262
7502.0,5.17999982833862,2.48000001907349,0.109999999403954,2.57999992370605,30.0,2.0,233.0,725.0,2421.0,2.0,417.0,450.0,92.66666666666666
2923.0,1.96000003814697,0.0,0.0,1.96000003814697,0.0,0.0,180.0,897.0,2070.0,2.0,337.0,363.0,92.8374655647383
3800.0,2.54999995231628,0.119999997317791,0.239999994635582,2.1800000667572,2.0,6.0,185.0,734.0,2120.0,2.0,462.0,513.0,90.05847953216374
4514.0,3.02999997138977,0.0,0.0,3.02999997138977,0.0,0.0,229.0,809.0,2211.0,2.0,374.0,402.0,93.03482587064677
5183.0,3.58999991416931,2.13000011444092,0.189999997615814,1.25,26.0,4.0,108.0,866.0,2123.0,2.0,401.0,436.0,91.97247706422019
7303.0,4.90000009536743,0.0,0.25,4.65000009536743,0.0,8.0,308.0,733.0,2423.0,1.0,361.0,391.0,92.32736572890026
5275.0,3.53999996185303,0.0,0.0,3.53999996185303,0.0,0.0,266.0,641.0,2281.0,1.0,457.0,533.0,85.74108818011257
3915.0,2.63000011444092,0.0,0.0,2.63000011444092,0.0,0.0,231.0,783.0,2181.0,1.0,405.0,426.0,95.07042253521126
9105.0,6.1100001335144,2.25,1.0,2.85999989509583,34.0,22.0,232.0,622.0,2499.0,1.0,499.0,530.0,94.15094339622641
768.0,0.519999980926514,0.0,0.0,0.519999980926514,0.0,0.0,58.0,380.0,1212.0,1.0,483.0,501.0,96.40718562874252
13743.0,9.07999992370605,0.419999986886978,0.970000028610229,7.69999980926514,6.0,21.0,432.0,844.0,2486.0,1.0,126.0,137.0,91.97080291970804
9148.0,6.05000019073486,0.430000007152557,2.02999997138977,3.58999991416931,12.0,41.0,283.0,1062.0,2223.0,1.0,103.0,121.0,85.12396694214877
7833.0,5.17999982833862,1.01999998092651,1.85000002384186,2.30999994277954,15.0,29.0,197.0,1096.0,1918.0,1.0,171.0,179.0,95.53072625698324
3428.0,2.26999998092651,0.0,0.0,2.26999998092651,0.0,0.0,190.0,1121.0,1692.0,1.0,115.0,129.0,89.14728682170544
6543.0,4.32999992370605,1.79999995231628,0.5,2.01999998092651,66.0,35.0,238.0,1019.0,2666.0,1.0,123.0,134.0,91.7910447761194
7213.0,5.88000011444092,0.0,0.0,5.84999990463257,0.0,0.0,263.0,718.0,2947.0,1.0,425.0,439.0,96.81093394077449
6877.0,5.57999992370605,0.0,0.0,5.57999992370605,0.0,0.0,258.0,777.0,2898.0,2.0,400.0,430.0,93.02325581395348
7860.0,6.36999988555908,0.0,0.0,6.36999988555908,0.0,0.0,271.0,772.0,2984.0,1.0,384.0,415.0,92.53012048192771
6506.0,5.28000020980835,0.0700000002980232,0.419999986886978,4.78999996185303,1.0,8.0,256.0,944.0,2896.0,1.0,253.0,257.0,98.44357976653697
11140.0,9.02999973297119,0.239999994635582,1.25,7.53999996185303,3.0,24.0,335.0,556.0,3328.0,2.0,382.0,406.0,94.08866995073892
12692.0,10.289999961853,0.959999978542328,3.46000003814697,5.88000011444092,12.0,66.0,302.0,437.0,3394.0,1.0,591.0,612.0,96.56862745098039
9105.0,7.38000011444092,1.82000005245209,1.49000000953674,4.07000017166138,22.0,30.0,191.0,890.0,3013.0,1.0,293.0,312.0,93.91025641025641
6708.0,5.44000005722046,0.879999995231628,0.370000004768372,4.19000005722046,10.0,8.0,179.0,757.0,2812.0,1.0,457.0,487.0,93.83983572895276
8793.0,7.13000011444092,0.159999996423721,1.23000001907349,5.73000001907349,2.0,29.0,260.0,717.0,3061.0,1.0,454.0,468.0,97.00854700854701
6530.0,5.30000019073486,0.310000002384186,2.04999995231628,2.94000005722046,4.0,41.0,144.0,901.0,2729.0,1.0,425.0,434.0,97.92626728110599
15126.0,12.2700004577637,0.759999990463257,3.24000000953674,8.27000045776367,9.0,66.0,408.0,469.0,3691.0,1.0,465.0,475.0,97.89473684210527
15050.0,12.2200002670288,1.20000004768372,5.11999988555908,5.88000011444092,15.0,95.0,281.0,542.0,3538.0,1.0,480.0,506.0,94.86166007905138
9167.0,7.42999982833862,0.490000009536743,0.819999992847443,6.1100001335144,6.0,15.0,270.0,730.0,3064.0,1.0,370.0,380.0,97.36842105263158
6108.0,4.94999980926514,0.0700000002980232,0.349999994039536,4.53999996185303,1.0,8.0,216.0,765.0,2784.0,1.0,421.0,429.0,98.13519813519814
7047.0,5.71999979019165,0.0900000035762787,0.800000011920929,4.78000020980835,1.0,16.0,238.0,733.0,2908.0,1.0,432.0,449.0,96.21380846325167
9023.0,7.32000017166138,1.12999999523163,0.419999986886978,5.76999998092651,14.0,9.0,232.0,738.0,3033.0,1.0,442.0,461.0,95.87852494577007
9930.0,8.05000019073486,1.05999994277954,0.920000016689301,6.07000017166138,12.0,19.0,267.0,692.0,3165.0,1.0,433.0,447.0,96.86800894854586
10144.0,8.22999954223633,0.319999992847443,2.02999997138977,5.88000011444092,4.0,36.0,263.0,728.0,3115.0,1.0,479.0,501.0,95.60878243512974
9454.0,7.67000007629395,0.0,0.0,7.67000007629395,0.0,0.0,313.0,729.0,3145.0,1.0,327.0,373.0,87.66756032171583
8161.0,6.61999988555908,0.340000003576279,0.730000019073486,5.53999996185303,4.0,15.0,251.0,757.0,3004.0,1.0,412.0,434.0,94.93087557603687
8614.0,6.98999977111816,0.670000016689301,0.219999998807907,6.09000015258789,8.0,5.0,241.0,745.0,3006.0,1.0,414.0,428.0,96.72897196261682
6943.0,5.63000011444092,0.0799999982118607,0.660000026226044,4.86999988555908,1.0,16.0,207.0,682.0,2859.0,1.0,404.0,449.0,89.97772828507794
14370.0,11.6499996185303,0.370000004768372,2.30999994277954,8.97000026702881,5.0,46.0,439.0,577.0,3683.0,1.0,520.0,543.0,95.76427255985267
14370.0,11.6499996185303,0.370000004768372,2.30999994277954,8.97000026702881,5.0,46.0,439.0,577.0,3683.0,1.0,520.0,543.0,95.76427255985267
8232.0,6.67999982833862,0.0,0.569999992847443,6.09999990463257,0.0,12.0,253.0,746.0,2990.0,1.0,435.0,458.0,94.97816593886463
10613.0,8.60999965667725,0.0799999982118607,1.87999999523163,6.65000009536743,1.0,37.0,262.0,701.0,3172.0,1.0,416.0,431.0,96.51972157772622
9810.0,7.96000003814697,0.779999971389771,2.16000008583069,4.98000001907349,10.0,41.0,235.0,784.0,3069.0,1.0,354.0,366.0,96.72131147540983
2752.0,2.23000001907349,0.0,0.0,2.23000001907349,0.0,0.0,68.0,241.0,1240.0,1.0,404.0,442.0,91.4027149321267
11596.0,7.57000017166138,1.37000000476837,0.790000021457672,5.40999984741211,19.0,13.0,277.0,767.0,2026.0,1.0,441.0,464.0,95.04310344827587
4832.0,3.16000008583069,0.0,0.0,3.16000008583069,0.0,0.0,226.0,647.0,1718.0,2.0,455.0,488.0,93.23770491803278
17022.0,11.1199998855591,4.0,2.45000004768372,4.67000007629395,61.0,41.0,256.0,693.0,2324.0,1.0,357.0,418.0,85.4066985645933
16556.0,10.8599996566772,4.15999984741211,1.98000001907349,4.71000003814697,58.0,38.0,239.0,689.0,2254.0,1.0,377.0,409.0,92.1760391198044
5771.0,3.76999998092651,0.0,0.0,3.76999998092651,0.0,0.0,288.0,521.0,1831.0,2.0,651.0,686.0,94.89795918367348
655.0,0.430000007152557,0.0,0.0,0.430000007152557,0.0,0.0,46.0,943.0,1397.0,1.0,350.0,402.0,87.06467661691542
3727.0,2.4300000667572,0.0,0.0,2.4300000667572,0.0,0.0,206.0,622.0,1683.0,2.0,520.0,541.0,96.11829944547135
15482.0,10.1099996566772,4.28000020980835,1.6599999666214,4.17999982833862,69.0,28.0,249.0,756.0,2284.0,1.0,357.0,410.0,87.07317073170732
2713.0,1.76999998092651,0.0,0.0,1.76999998092651,0.0,0.0,148.0,598.0,1570.0,1.0,658.0,678.0,97.05014749262537
12346.0,8.0600004196167,2.95000004768372,2.16000008583069,2.96000003814697,47.0,42.0,177.0,801.0,2066.0,1.0,399.0,431.0,92.5754060324826
11682.0,7.63000011444092,1.37999999523163,0.629999995231628,5.59999990463257,25.0,16.0,270.0,781.0,2105.0,1.0,322.0,353.0,91.21813031161473
4112.0,2.69000005722046,0.0,0.0,2.6800000667572,0.0,0.0,272.0,443.0,1776.0,2.0,631.0,725.0,87.0344827586207
1807.0,1.17999994754791,0.0,0.0,1.17999994754791,0.0,0.0,104.0,582.0,1507.0,2.0,553.0,640.0,86.40625
10946.0,7.19000005722046,2.9300000667572,0.569999992847443,3.69000005722046,51.0,11.0,201.0,732.0,2033.0,1.0,433.0,468.0,92.52136752136752
11886.0,7.76000022888184,2.36999988555908,0.930000007152557,4.46000003814697,40.0,18.0,238.0,750.0,2093.0,1.0,412.0,453.0,90.94922737306842
10538.0,6.88000011444092,1.13999998569489,1.0,4.73999977111816,16.0,16.0,206.0,745.0,1922.0,1.0,347.0,391.0,88.7468030690537
11393.0,7.63000011444092,3.71000003814697,0.75,3.17000007629395,49.0,13.0,165.0,727.0,1999.0,1.0,421.0,457.0,92.12253829321662
12764.0,8.32999992370605,2.78999996185303,0.639999985694885,4.90999984741211,46.0,15.0,270.0,709.0,2169.0,1.0,450.0,495.0,90.9090909090909
1202.0,0.779999971389771,0.0,0.0,0.779999971389771,0.0,0.0,84.0,506.0,1463.0,2.0,775.0,843.0,91.93357058125741
5164.0,3.36999988555908,0.0,0.0,3.36999988555908,0.0,0.0,237.0,436.0,1747.0,2.0,622.0,686.0,90.67055393586006
9769.0,6.38000011444092,1.05999994277954,0.409999996423721,4.90000009536743,23.0,9.0,227.0,724.0,1996.0,1.0,409.0,471.0,86.83651804670913
12848.0,8.39000034332275,1.5,1.20000004768372,5.67999982833862,26.0,29.0,247.0,812.0,2116.0,1.0,380.0,429.0,88.57808857808858
4249.0,2.76999998092651,0.0,0.0,2.76999998092651,0.0,0.0,224.0,651.0,1698.0,1.0,447.0,470.0,95.1063829787234
14331.0,9.51000022888184,3.4300000667572,1.6599999666214,4.42999982833862,44.0,29.0,241.0,692.0,2156.0,1.0,419.0,464.0,90.30172413793103
9632.0,6.28999996185303,1.51999998092651,0.540000021457672,4.23000001907349,21.0,9.0,229.0,761.0,1916.0,1.0,400.0,434.0,92.16589861751152
1868.0,1.22000002861023,0.0,0.0,1.22000002861023,0.0,0.0,96.0,902.0,1494.0,1.0,442.0,470.0,94.04255319148936
6083.0,4.0,0.219999998807907,0.469999998807907,3.29999995231628,3.0,8.0,210.0,505.0,1762.0,1.0,568.0,608.0,93.42105263157895
11611.0,7.57999992370605,2.13000011444092,0.889999985694885,4.55999994277954,59.0,22.0,251.0,667.0,2272.0,1.0,453.0,494.0,91.7004048582996
16358.0,10.710000038147,3.86999988555908,1.61000001430511,5.19999980926514,61.0,40.0,265.0,707.0,2335.0,1.0,418.0,443.0,94.35665914221218
4926.0,3.22000002861023,0.0,0.0,3.22000002861023,0.0,0.0,195.0,628.0,1693.0,1.0,463.0,486.0,95.26748971193416
3121.0,2.03999996185303,0.579999983310699,0.400000005960464,1.05999994277954,8.0,6.0,48.0,222.0,741.0,1.0,438.0,475.0,92.21052631578948
8135.0,6.07999992370605,3.59999990463257,0.379999995231628,2.09999990463257,86.0,16.0,140.0,728.0,3405.0,1.0,419.0,438.0,95.662100456621
5077.0,3.78999996185303,0.319999992847443,0.219999998807907,3.25,15.0,11.0,144.0,776.0,2551.0,1.0,432.0,458.0,94.32314410480349
8596.0,6.42000007629395,3.32999992370605,0.310000002384186,2.77999997138977,118.0,30.0,176.0,662.0,4022.0,1.0,477.0,497.0,95.97585513078471
12087.0,9.07999992370605,3.92000007629395,1.60000002384186,3.55999994277954,115.0,54.0,199.0,695.0,4005.0,1.0,392.0,413.0,94.91525423728814
14269.0,10.6599998474121,6.6399998664856,1.27999997138977,2.73000001907349,184.0,56.0,158.0,472.0,4274.0,1.0,406.0,445.0,91.23595505617978
12231.0,9.14000034332275,5.98000001907349,0.829999983310699,2.3199999332428,200.0,37.0,159.0,525.0,4552.0,1.0,549.0,583.0,94.16809605488851
9893.0,7.3899998664856,4.8600001335144,0.720000028610229,1.82000005245209,114.0,32.0,130.0,623.0,3625.0,1.0,527.0,553.0,95.29837251356238
12574.0,9.42000007629395,7.01999998092651,0.639999985694885,1.75999999046326,108.0,23.0,111.0,733.0,3501.0,1.0,449.0,465.0,96.55913978494624
8330.0,6.21999979019165,4.11999988555908,0.340000003576279,1.75999999046326,87.0,16.0,113.0,773.0,3192.0,1.0,447.0,480.0,93.125
10830.0,8.09000015258789,3.65000009536743,1.6599999666214,2.77999997138977,110.0,74.0,175.0,670.0,4018.0,1.0,414.0,437.0,94.73684210526315
9172.0,6.84999990463257,2.42000007629395,0.790000021457672,3.29999995231628,62.0,30.0,200.0,823.0,3329.0,1.0,338.0,366.0,92.34972677595628
7638.0,5.71000003814697,1.21000003814697,0.360000014305115,4.1399998664856,24.0,24.0,223.0,627.0,3152.0,1.0,384.0,402.0,95.52238805970148
15764.0,11.7799997329712,7.65000009536743,2.15000009536743,1.98000001907349,210.0,65.0,141.0,425.0,4392.0,1.0,543.0,615.0,88.29268292682927
6393.0,4.78000020980835,1.35000002384186,0.670000016689301,2.75999999046326,61.0,38.0,214.0,743.0,3374.0,1.0,421.0,461.0,91.3232104121475
5325.0,3.98000001907349,0.850000023841858,0.649999976158142,2.47000002861023,38.0,32.0,181.0,759.0,3088.0,1.0,354.0,377.0,93.89920424403184
6805.0,5.1399998664856,1.80999994277954,0.400000005960464,2.9300000667572,63.0,16.0,190.0,773.0,3294.0,1.0,424.0,452.0,93.80530973451327
9841.0,7.42999982833862,3.25,1.16999995708466,3.00999999046326,99.0,51.0,141.0,692.0,3580.0,1.0,361.0,372.0,97.04301075268818
7924.0,5.92000007629395,2.83999991416931,0.610000014305115,2.47000002861023,97.0,36.0,165.0,739.0,3544.0,1.0,459.0,485.0,94.63917525773195
12363.0,9.23999977111816,5.82999992370605,0.790000021457672,2.60999989509583,207.0,45.0,163.0,621.0,4501.0,1.0,412.0,433.0,95.1501154734411
13368.0,9.98999977111816,5.30999994277954,1.44000005722046,3.24000000953674,194.0,72.0,178.0,499.0,4546.0,1.0,379.0,398.0,95.22613065326632
7439.0,5.55999994277954,1.12000000476837,0.349999994039536,4.07000017166138,37.0,20.0,235.0,732.0,3014.0,2.0,525.0,553.0,94.9367088607595
11045.0,8.25,4.51999998092651,0.150000005960464,3.5699999332428,97.0,8.0,212.0,580.0,3795.0,1.0,508.0,543.0,93.55432780847146
5206.0,3.89000010490417,1.55999994277954,0.25,2.07999992370605,25.0,9.0,141.0,631.0,2755.0,1.0,603.0,634.0,95.11041009463722
7550.0,5.6399998664856,2.5,0.469999998807907,2.67000007629395,45.0,21.0,143.0,1153.0,3004.0,1.0,74.0,78.0,94.87179487179486
8869.0,6.65000009536743,2.55999994277954,0.75,3.34999990463257,104.0,37.0,194.0,639.0,3841.0,1.0,504.0,562.0,89.6797153024911
4038.0,3.03999996185303,1.83000004291534,0.300000011920929,0.889999985694885,45.0,15.0,63.0,257.0,1665.0,1.0,431.0,476.0,90.54621848739495
14450.0,10.9099998474121,0.579999983310699,0.850000023841858,9.47999954223633,7.0,15.0,518.0,502.0,2828.0,1.0,380.0,398.0,95.47738693467338
7150.0,5.40000009536743,0.0,0.0,5.40000009536743,0.0,0.0,312.0,702.0,2225.0,2.0,336.0,350.0,96.0
5153.0,3.91000008583069,0.0,0.0,3.89000010490417,0.0,0.0,241.0,759.0,2018.0,2.0,493.0,510.0,96.66666666666667
11135.0,8.40999984741211,0.0,0.0,8.40999984741211,0.0,0.0,480.0,425.0,2606.0,1.0,465.0,492.0,94.51219512195121
10449.0,8.02000045776367,2.02999997138977,0.479999989271164,5.51999998092651,26.0,10.0,349.0,587.0,2536.0,1.0,474.0,502.0,94.42231075697211
19542.0,15.0100002288818,0.980000019073486,0.400000005960464,5.61999988555908,11.0,19.0,294.0,579.0,4900.0,1.0,508.0,550.0,92.36363636363636
8206.0,6.19999980926514,0.0,0.0,6.19999980926514,0.0,0.0,402.0,413.0,2409.0,1.0,480.0,546.0,87.91208791208791
11495.0,8.68000030517578,0.0,0.0,8.68000030517578,0.0,0.0,512.0,468.0,2651.0,1.0,492.0,539.0,91.28014842300557
7623.0,5.76000022888184,0.0,0.0,5.76000022888184,0.0,0.0,362.0,711.0,2305.0,1.0,353.0,367.0,96.18528610354224
9411.0,7.1100001335144,0.0,0.0,7.1100001335144,0.0,0.0,458.0,417.0,2576.0,1.0,542.0,557.0,97.30700179533214
3403.0,2.59999990463257,0.0,0.0,2.59999990463257,0.0,0.0,141.0,758.0,1879.0,1.0,393.0,416.0,94.47115384615384
9592.0,7.23999977111816,0.0,0.0,7.23999977111816,0.0,0.0,461.0,479.0,2560.0,1.0,600.0,636.0,94.33962264150944
8915.0,6.73000001907349,0.0,0.0,6.73000001907349,0.0,0.0,397.0,525.0,2361.0,1.0,507.0,575.0,88.17391304347825
9799.0,7.40000009536743,0.0,0.0,7.40000009536743,0.0,0.0,487.0,479.0,2636.0,1.0,392.0,415.0,94.4578313253012
3365.0,2.6800000667572,0.0,0.0,2.6800000667572,0.0,0.0,133.0,673.0,1838.0,2.0,658.0,698.0,94.26934097421203
7336.0,5.53999996185303,0.0,0.0,5.53999996185303,0.0,0.0,412.0,456.0,2469.0,2.0,498.0,507.0,98.22485207100591
7328.0,5.53000020980835,0.0,0.0,5.53000020980835,0.0,0.0,318.0,517.0,2250.0,1.0,555.0,603.0,92.03980099502488
4477.0,3.38000011444092,0.0,0.0,3.38000011444092,0.0,0.0,197.0,125.0,1248.0,1.0,492.0,522.0,94.25287356321839
4053.0,2.91000008583069,1.11000001430511,0.579999983310699,1.22000002861023,17.0,18.0,85.0,1053.0,2400.0,1.0,235.0,260.0,90.38461538461539
5162.0,3.70000004768372,0.870000004768372,0.860000014305115,1.97000002861023,14.0,24.0,105.0,863.0,2507.0,1.0,423.0,441.0,95.91836734693877
1282.0,0.920000016689301,0.0,0.0,0.920000016689301,0.0,0.0,58.0,976.0,2127.0,1.0,391.0,406.0,96.30541871921181
10199.0,6.73999977111816,3.40000009536743,0.829999983310699,2.50999999046326,50.0,14.0,189.0,796.0,1994.0,1.0,366.0,387.0,94.57364341085271
5652.0,3.74000000953674,0.569999992847443,1.21000003814697,1.96000003814697,8.0,24.0,142.0,548.0,1718.0,3.0,630.0,679.0,92.78350515463917
1551.0,1.02999997138977,0.0,0.0,1.02999997138977,0.0,0.0,86.0,862.0,1466.0,2.0,508.0,535.0,94.95327102803738
5563.0,3.6800000667572,0.0,0.0,3.6800000667572,0.0,0.0,217.0,837.0,1756.0,1.0,370.0,386.0,95.85492227979275
13217.0,8.73999977111816,3.66000008583069,0.189999997615814,4.88000011444092,50.0,3.0,280.0,741.0,2173.0,1.0,357.0,366.0,97.54098360655738
10145.0,6.71000003814697,0.330000013113022,0.680000007152557,5.69000005722046,5.0,13.0,295.0,634.0,2027.0,1.0,427.0,446.0,95.73991031390135
11404.0,7.53999996185303,0.829999983310699,2.39000010490417,4.32000017166138,13.0,42.0,238.0,689.0,2039.0,1.0,442.0,458.0,96.50655021834062
10742.0,7.09999990463257,2.09999990463257,2.13000011444092,2.86999988555908,35.0,41.0,195.0,659.0,2046.0,1.0,476.0,535.0,88.97196261682242
13928.0,9.55000019073486,4.28000020980835,0.189999997615814,5.09000015258789,48.0,4.0,297.0,639.0,2174.0,1.0,418.0,424.0,98.58490566037736
11835.0,9.71000003814697,3.99000000953674,2.09999990463257,3.50999999046326,53.0,27.0,214.0,708.0,2179.0,1.0,451.0,457.0,98.6870897155361
10725.0,7.09000015258789,1.76999998092651,1.54999995231628,3.76999998092651,30.0,33.0,240.0,659.0,2086.0,1.0,425.0,435.0,97.70114942528735
20031.0,13.2399997711182,4.19999980926514,2.0,7.03999996185303,58.0,41.0,347.0,484.0,2571.0,1.0,528.0,546.0,96.7032967032967
5029.0,3.3199999332428,0.0,0.0,3.3199999332428,0.0,0.0,199.0,720.0,1705.0,1.0,511.0,514.0,99.41634241245137
13239.0,9.27000045776367,3.01999998092651,1.67999994754791,4.46000003814697,35.0,31.0,282.0,637.0,2194.0,1.0,400.0,415.0,96.3855421686747
10433.0,6.90000009536743,2.57999992370605,0.419999986886978,3.90000009536743,36.0,7.0,254.0,680.0,2012.0,1.0,441.0,446.0,98.87892376681614
10320.0,6.82000017166138,0.550000011920929,2.01999998092651,4.25,7.0,38.0,279.0,697.0,2034.0,1.0,455.0,467.0,97.4304068522484
12627.0,8.35000038146973,2.50999999046326,0.239999994635582,5.59000015258789,38.0,8.0,288.0,621.0,2182.0,1.0,440.0,453.0,97.13024282560706
10762.0,7.1100001335144,0.819999992847443,0.479999989271164,5.80999994277954,12.0,15.0,369.0,645.0,2254.0,1.0,433.0,447.0,96.86800894854586
10081.0,6.65999984741211,2.24000000953674,0.759999990463257,3.67000007629395,32.0,16.0,237.0,731.0,2002.0,1.0,422.0,424.0,99.52830188679245
5454.0,3.60999989509583,0.0,0.0,3.60999989509583,0.0,0.0,215.0,722.0,1740.0,1.0,411.0,426.0,96.47887323943662
12912.0,8.53999996185303,1.20000004768372,2.0,5.34000015258789,18.0,39.0,313.0,655.0,2162.0,1.0,466.0,482.0,96.6804979253112
12109.0,8.11999988555908,1.74000000953674,2.03999996185303,4.32999992370605,21.0,36.0,267.0,654.0,2072.0,1.0,394.0,418.0,94.25837320574163
10147.0,6.71000003814697,0.469999998807907,1.67999994754791,4.55000019073486,15.0,36.0,284.0,683.0,2086.0,1.0,442.0,455.0,97.14285714285714
10524.0,6.96000003814697,0.990000009536743,1.1599999666214,4.80999994277954,14.0,22.0,305.0,591.0,2066.0,1.0,467.0,491.0,95.11201629327903
5908.0,3.91000008583069,0.0,0.0,3.91000008583069,0.0,0.0,299.0,717.0,1850.0,1.0,443.0,462.0,95.88744588744589
6815.0,4.5,0.0,0.0,4.5,0.0,0.0,328.0,745.0,1947.0,1.0,298.0,334.0,89.22155688622755
4188.0,2.76999998092651,0.0,0.519999980926514,2.25,0.0,14.0,151.0,709.0,1659.0,1.0,541.0,569.0,95.07908611599298
12342.0,8.72000026702881,3.90000009536743,1.17999994754791,3.65000009536743,43.0,21.0,231.0,607.0,2105.0,1.0,489.0,497.0,98.39034205231388
15448.0,10.210000038147,3.47000002861023,1.75,4.98999977111816,62.0,34.0,275.0,626.0,2361.0,1.0,469.0,481.0,97.5051975051975
6722.0,4.44000005722046,1.49000000953674,0.310000002384186,2.65000009536743,24.0,7.0,199.0,709.0,1855.0,1.0,452.0,480.0,94.16666666666667
3587.0,2.36999988555908,0.0,0.25,2.10999989509583,0.0,8.0,105.0,127.0,928.0,1.0,516.0,535.0,96.44859813084112
4631.0,3.09999990463257,0.0,0.0,3.09999990463257,0.0,0.0,203.0,1155.0,2076.0,1.0,79.0,82.0,96.34146341463415
5600.0,3.75,0.0,0.0,3.75,0.0,0.0,237.0,1142.0,2225.0,1.0,58.0,61.0,95.08196721311475
11317.0,8.40999984741211,5.26999998092651,0.150000005960464,2.97000002861023,59.0,6.0,153.0,745.0,2772.0,1.0,514.0,525.0,97.90476190476191
5813.0,3.61999988555908,0.560000002384186,0.209999993443489,2.83999991416931,31.0,26.0,155.0,744.0,2516.0,1.0,451.0,465.0,96.98924731182795
9123.0,6.11999988555908,2.02999997138977,0.330000013113022,3.66000008583069,35.0,32.0,189.0,787.0,2734.0,1.0,472.0,476.0,99.15966386554622
8585.0,5.67000007629395,2.03999996185303,1.11000001430511,2.52999997138977,30.0,21.0,139.0,864.0,2395.0,1.0,377.0,386.0,97.66839378238342
10688.0,7.28999996185303,3.52999997138977,1.23000001907349,2.50999999046326,67.0,69.0,124.0,671.0,2944.0,1.0,472.0,483.0,97.72256728778468
14365.0,10.6400003433228,7.6399998664856,0.449999988079071,2.53999996185303,87.0,13.0,145.0,797.0,2997.0,1.0,492.0,502.0,98.00796812749005
9469.0,6.17999982833862,1.36000001430511,0.300000011920929,4.51000022888184,19.0,6.0,206.0,758.0,2463.0,1.0,390.0,411.0,94.8905109489051
9753.0,6.53000020980835,2.86999988555908,0.970000028610229,2.67000007629395,58.0,59.0,153.0,762.0,2846.0,1.0,428.0,448.0,95.53571428571429
3520.0,2.16000008583069,0.0,0.0,2.15000009536743,0.0,0.0,125.0,566.0,2049.0,1.0,681.0,704.0,96.73295454545455
10091.0,6.82000017166138,3.75,0.699999988079071,2.36999988555908,69.0,39.0,129.0,706.0,2752.0,1.0,446.0,447.0,99.77628635346755
10387.0,7.07000017166138,4.15999984741211,0.769999980926514,2.11999988555908,70.0,33.0,132.0,726.0,2781.0,1.0,485.0,500.0,97.0
11107.0,8.34000015258789,5.63000011444092,0.180000007152557,2.52999997138977,55.0,6.0,145.0,829.0,2693.0,1.0,469.0,479.0,97.91231732776617
11584.0,7.80000019073486,2.78999996185303,1.63999998569489,3.35999989509583,54.0,48.0,161.0,810.0,2862.0,1.0,354.0,367.0,96.45776566757493
14560.0,9.40999984741211,3.11999988555908,1.03999996185303,5.23999977111816,42.0,17.0,308.0,584.0,2995.0,1.0,485.0,489.0,99.18200408997954
12390.0,8.06999969482422,2.29999995231628,0.899999976158142,4.84999990463257,30.0,15.0,258.0,685.0,2730.0,1.0,388.0,407.0,95.33169533169533
10052.0,6.80999994277954,3.48000001907349,0.660000026226044,2.66000008583069,66.0,26.0,139.0,737.0,2754.0,1.0,440.0,459.0,95.86056644880175
10288.0,6.76000022888184,2.74000000953674,0.850000023841858,3.16000008583069,57.0,36.0,152.0,761.0,2754.0,1.0,456.0,461.0,98.91540130151843
10988.0,8.3100004196167,5.28000020980835,0.119999997317791,2.90000009536743,45.0,12.0,135.0,843.0,2655.0,1.0,420.0,436.0,96.3302752293578
12461.0,8.38000011444092,3.8199999332428,1.42999994754791,3.11999988555908,84.0,35.0,154.0,834.0,2924.0,1.0,322.0,333.0,96.69669669669669
12827.0,8.47999954223633,1.46000003814697,2.32999992370605,4.67999982833862,20.0,42.0,209.0,621.0,2739.0,1.0,530.0,548.0,96.71532846715328
10677.0,7.09999990463257,2.30999994277954,1.52999997138977,3.25,32.0,27.0,147.0,695.0,2534.0,1.0,481.0,510.0,94.31372549019608
13566.0,9.10999965667725,4.26000022888184,1.71000003814697,3.11999988555908,67.0,50.0,171.0,743.0,2960.0,1.0,427.0,438.0,97.48858447488584
9572.0,6.51999998092651,2.89000010490417,1.38999998569489,2.23000001907349,57.0,40.0,128.0,757.0,2735.0,1.0,451.0,463.0,97.40820734341253
3789.0,2.55999994277954,0.379999995231628,0.270000010728836,1.88999998569489,5.0,4.0,58.0,343.0,1199.0,1.0,444.0,457.0,97.15536105032822
15108.0,12.1899995803833,9.57999992370605,0.230000004172325,2.38000011444092,89.0,5.0,158.0,695.0,3043.0,1.0,486.0,493.0,98.58012170385395
22359.0,17.1900005340576,12.539999961853,0.629999995231628,4.01999998092651,125.0,14.0,223.0,741.0,3554.0,1.0,331.0,337.0,98.21958456973294
19769.0,15.6700000762939,12.4399995803833,0.879999995231628,2.34999990463257,121.0,20.0,148.0,1076.0,3331.0,1.0,74.0,75.0,98.66666666666667
7626.0,6.05000019073486,0.829999983310699,0.709999978542328,4.5,65.0,15.0,156.0,723.0,3635.0,1.0,338.0,356.0,94.9438202247191
12386.0,9.81999969482422,4.96000003814697,0.649999976158142,4.21000003814697,116.0,14.0,169.0,680.0,4079.0,2.0,447.0,487.0,91.78644763860369
13318.0,10.5600004196167,5.61999988555908,1.02999997138977,3.91000008583069,123.0,21.0,174.0,699.0,4163.0,1.0,424.0,455.0,93.18681318681318
14461.0,11.4700002670288,4.90999984741211,1.14999997615814,5.40999984741211,60.0,23.0,190.0,729.0,3666.0,1.0,513.0,533.0,96.24765478424015
11207.0,8.89000034332275,5.36999988555908,1.07000005245209,2.44000005722046,64.0,21.0,142.0,563.0,3363.0,2.0,611.0,689.0,88.67924528301887
2132.0,1.69000005722046,0.0,0.0,1.69000005722046,0.0,0.0,93.0,599.0,2572.0,2.0,525.0,591.0,88.83248730964468
13630.0,10.8100004196167,5.05000019073486,0.560000002384186,5.19999980926514,117.0,10.0,174.0,720.0,4157.0,1.0,398.0,451.0,88.24833702882484
13070.0,10.3599996566772,5.30000019073486,0.879999995231628,4.17999982833862,120.0,19.0,154.0,737.0,4092.0,1.0,387.0,421.0,91.92399049881234
9388.0,7.44000005722046,2.23000001907349,0.439999997615814,4.78000020980835,82.0,8.0,169.0,763.0,3787.0,1.0,381.0,409.0,93.15403422982885
15148.0,12.0100002288818,6.90000009536743,0.819999992847443,4.28999996185303,137.0,16.0,145.0,677.0,4236.0,1.0,396.0,417.0,94.96402877697841
12200.0,9.67000007629395,4.90999984741211,0.589999973773956,4.17999982833862,113.0,12.0,159.0,769.0,4044.0,1.0,441.0,469.0,94.02985074626866
5709.0,4.53000020980835,1.51999998092651,0.519999980926514,2.48000001907349,19.0,10.0,136.0,740.0,2908.0,1.0,565.0,591.0,95.60067681895093
3703.0,2.94000005722046,0.0,0.0,2.94000005722046,0.0,0.0,135.0,734.0,2741.0,1.0,458.0,492.0,93.08943089430895
12405.0,9.84000015258789,5.05000019073486,0.870000004768372,3.92000007629395,117.0,16.0,141.0,692.0,4005.0,1.0,388.0,402.0,96.51741293532339
12405.0,9.84000015258789,5.05000019073486,0.870000004768372,3.92000007629395,117.0,16.0,141.0,692.0,4005.0,1.0,388.0,402.0,96.51741293532339
16208.0,12.8500003814697,7.51000022888184,0.920000016689301,4.42000007629395,90.0,18.0,161.0,593.0,3763.0,1.0,550.0,584.0,94.17808219178082
7359.0,5.84000015258789,0.330000013113022,0.180000007152557,5.32999992370605,4.0,4.0,192.0,676.0,3061.0,1.0,531.0,600.0,88.5
5417.0,4.30000019073486,0.899999976158142,0.490000009536743,2.91000008583069,11.0,10.0,139.0,711.0,2884.0,1.0,506.0,556.0,91.00719424460432
6175.0,4.90000009536743,0.25,0.360000014305115,4.26999998092651,3.0,7.0,172.0,767.0,2982.0,1.0,527.0,562.0,93.77224199288257
2946.0,2.33999991416931,0.0,0.0,2.33999991416931,0.0,0.0,121.0,780.0,2660.0,1.0,468.0,555.0,84.32432432432432
11419.0,9.0600004196167,6.03000020980835,0.560000002384186,2.47000002861023,71.0,10.0,127.0,669.0,3369.0,1.0,475.0,539.0,88.12615955473099
6064.0,4.80999994277954,0.629999995231628,0.170000001788139,4.01000022888184,63.0,4.0,142.0,802.0,3491.0,1.0,351.0,385.0,91.16883116883116
8712.0,6.90999984741211,1.3400000333786,1.05999994277954,4.5,71.0,20.0,195.0,822.0,3784.0,1.0,405.0,429.0,94.4055944055944
7875.0,6.23999977111816,1.55999994277954,0.490000009536743,4.19999980926514,19.0,10.0,167.0,680.0,3110.0,1.0,441.0,477.0,92.45283018867924
8567.0,6.78999996185303,0.889999985694885,0.159999996423721,5.73999977111816,66.0,3.0,214.0,764.0,3783.0,1.0,381.0,417.0,91.36690647482014
7045.0,5.59000015258789,1.54999995231628,0.25,3.77999997138977,74.0,5.0,166.0,831.0,3644.0,1.0,323.0,355.0,90.98591549295774
4468.0,3.53999996185303,0.0,0.0,3.53999996185303,0.0,0.0,158.0,851.0,2799.0,2.0,459.0,513.0,89.47368421052632
2943.0,2.32999992370605,0.0,0.0,2.32999992370605,0.0,0.0,139.0,621.0,2685.0,1.0,545.0,606.0,89.93399339933993
8382.0,6.65000009536743,1.26999998092651,0.660000026226044,4.71999979019165,71.0,13.0,171.0,772.0,3721.0,1.0,359.0,399.0,89.97493734335839
6582.0,5.21999979019165,0.660000026226044,0.639999985694885,3.92000007629395,63.0,13.0,152.0,840.0,3586.0,1.0,342.0,391.0,87.46803069053708
9143.0,7.25,1.38999998569489,0.589999973773956,5.26999998092651,72.0,10.0,184.0,763.0,3788.0,1.0,368.0,387.0,95.09043927648578
4561.0,3.61999988555908,0.649999976158142,0.270000010728836,2.69000005722046,8.0,6.0,102.0,433.0,1976.0,1.0,496.0,546.0,90.84249084249085
2564.0,1.63999998569489,0.0,0.0,1.63999998569489,0.0,0.0,116.0,831.0,2044.0,1.0,458.0,493.0,92.90060851926978
1320.0,0.839999973773956,0.0,0.0,0.839999973773956,0.0,0.0,82.0,806.0,1934.0,1.0,531.0,552.0,96.19565217391305
1219.0,0.779999971389771,0.0,0.0,0.779999971389771,0.0,0.0,84.0,853.0,1963.0,1.0,486.0,503.0,96.62027833001989
2483.0,1.5900000333786,0.0,0.0,1.5900000333786,0.0,0.0,126.0,937.0,2009.0,1.0,363.0,377.0,96.28647214854111
3147.0,2.00999999046326,0.0,0.280000001192093,1.74000000953674,0.0,10.0,139.0,744.0,2188.0,1.0,528.0,547.0,96.52650822669105
4068.0,2.59999990463257,0.0500000007450581,0.280000001192093,2.26999998092651,1.0,20.0,195.0,817.0,2419.0,1.0,391.0,407.0,96.06879606879608
5245.0,3.35999989509583,0.159999996423721,0.439999997615814,2.75,8.0,45.0,232.0,795.0,2748.0,1.0,339.0,360.0,94.16666666666667
1758.0,1.12999999523163,0.0,0.0,1.12999999523163,0.0,0.0,112.0,900.0,2067.0,1.0,423.0,428.0,98.83177570093457
6157.0,3.94000005722046,0.0,0.0,3.94000005722046,0.0,0.0,310.0,714.0,2780.0,1.0,402.0,416.0,96.63461538461539
8360.0,5.34999990463257,0.140000000596046,0.280000001192093,4.92999982833862,6.0,14.0,380.0,634.0,3101.0,1.0,398.0,406.0,98.0295566502463
7174.0,4.59000015258789,0.330000013113022,0.360000014305115,3.91000008583069,10.0,20.0,301.0,749.0,2896.0,1.0,343.0,360.0,95.27777777777777
1619.0,1.03999996185303,0.0,0.0,1.03999996185303,0.0,0.0,79.0,834.0,1962.0,1.0,503.0,527.0,95.44592030360532
1831.0,1.16999995708466,0.0,0.0,1.16999995708466,0.0,0.0,101.0,916.0,2015.0,1.0,415.0,423.0,98.10874704491725
2421.0,1.54999995231628,0.0,0.0,1.54999995231628,0.0,0.0,156.0,739.0,2297.0,1.0,516.0,545.0,94.67889908256882
2283.0,1.46000003814697,0.0,0.0,1.46000003814697,0.0,0.0,129.0,848.0,2067.0,1.0,439.0,463.0,94.81641468682506
